Type Document,Nom Fichier,Chemin Fichier
Commande,"200507 BDC signé.pdf",C:\Users\julien\OneDrive\Bureau\geminicli\création de CSV\1- Adhésion Hébergeurs\2022 - 04 - 66 - La Maison du Château - HL - HH OK  - WEB OK - CS\200507 BDC signé.pdf
Commande,"200507 BDC signé.pdf",C:\Users\julien\OneDrive\Bureau\geminicli\création de CSV\1- Adhésion Hébergeurs\2022 - 05 - 66 - Domaine de Riberach - HL - HH OK - WEB - CS\200507 BDC signé.pdf
Commande,"BDC La Grange Page 2.pdf",C:\Users\julien\OneDrive\Bureau\geminicli\création de CSV\1- Adhésion Hébergeurs\2022 - 10 - 11 - La Grange - HL - HH - C\BDC La Grange Page 2.pdf
Commande,"BDC La Grange Page 1.pdf",C:\Users\julien\OneDrive\Bureau\geminicli\création de CSV\1- Adhésion Hébergeurs\2022 - 10 - 11 - La Grange - HL - HH - C\BDC La Grange Page 1.pdf
Commande,"Bon de commande - Maison Baie de Cook.pdf",C:\Users\julien\OneDrive\Bureau\geminicli\création de CSV\1- Adhésion Hébergeurs\2022 - 13 - 98 - Maison de la Baie de Cook - HH - CS\Bon de commande - Maison Baie de Cook.pdf
Commande,"210205 Happy House BC KH.pdf",C:\Users\julien\OneDrive\Bureau\geminicli\création de CSV\1- Adhésion Hébergeurs\2022 - 14 - 29 - NO GO - Kom'Home\210205 Happy House BC KH.pdf
Commande,"210205 Bon de commande - Le doux nid.pdf",C:\Users\julien\OneDrive\Bureau\geminicli\création de CSV\1- Adhésion Hébergeurs\2022 - 15 - 73 - Le Doux Nid - HL - HH OK - WEB OK - C\210205 Bon de commande - Le doux nid.pdf
Commande,"BON DE COMMANDE HAPPY HOUSE.pdf",C:\Users\julien\OneDrive\Bureau\geminicli\création de CSV\1- Adhésion Hébergeurs\2022 - 16 - Maroc - Dar Bounkhal - HH - CS\BON DE COMMANDE HAPPY HOUSE.pdf
Commande,"My Happy House B.C..pdf",C:\Users\julien\OneDrive\Bureau\geminicli\création de CSV\1- Adhésion Hébergeurs\2022 - 18 - Maroc - Le Petit Hôtel du Flouka - HL - 1 HH OK - WEB OK - CS\My Happy House B.C..pdf
Commande,"BDC happy house 2021.pdf",C:\Users\julien\OneDrive\Bureau\geminicli\création de CSV\1- Adhésion Hébergeurs\2022 - 24 - 89 - Domaine de l'Ocrerie - HL - HH OK  - WEB OK - CS\BDC happy house 2021.pdf
Contrat,"contrat.pdf",C:\Users\julien\OneDrive\Bureau\geminicli\création de CSV\1- Adhésion Hébergeurs\2022 - 27 - 82 - NO GO - Suite 785 - HH - WEB - CP\contrat.pdf
Contrat,"contrat.pdf",C:\Users\julien\OneDrive\Bureau\geminicli\création de CSV\1- Adhésion Hébergeurs\2022 - 29 - 82 - NO GO - Les terrasses de l'oliu de l'oustalet - HH OK\contrat.pdf
Contrat,"contrat.pdf",C:\Users\julien\OneDrive\Bureau\geminicli\création de CSV\1- Adhésion Hébergeurs\2022 - 31 - 82 - NO GO - Le Domaine de la Rivalière - 1 HH OK - WEB OK - CP\contrat.pdf
Adhesion,"Bulletin d'adhésion Magic Bus signé 2023-01.pdf",C:\Users\julien\OneDrive\Bureau\geminicli\création de CSV\1- Adhésion Hébergeurs\2023 - 33 - 31 - NO GO - Magic Bus - 1 HH OK\Bulletin d'adhésion Magic Bus signé 2023-01.pdf
Adhesion,"adhesion happy house.pdf",C:\Users\julien\OneDrive\Bureau\geminicli\création de CSV\1- Adhésion Hébergeurs\2023 - 35 - 81 - No GO - La grande maison Mazamet - HL OK - HH OK - WEB - CF\adhesion happy house.pdf
Contrat,"contrat signé.pdf",C:\Users\julien\OneDrive\Bureau\geminicli\création de CSV\1- Adhésion Hébergeurs\2023 - 36 - 81 - Le chateau de verdalle - HL OK - HH OK - WEB OK - CP\contrat signé.pdf
Adhesion,"fiche adhesion happy house.pdf",C:\Users\julien\OneDrive\Bureau\geminicli\création de CSV\1- Adhésion Hébergeurs\2023 - 37 - 82 - NO GO Gite de Loustalneve - HL - WEB - CF\fiche adhesion happy house.pdf
Contrat,"CONTRAT LOUSTALNEVE.pdf",C:\Users\julien\OneDrive\Bureau\geminicli\création de CSV\1- Adhésion Hébergeurs\2023 - 37 - 82 - NO GO Gite de Loustalneve - HL - WEB - CF\CONTRAT LOUSTALNEVE.pdf
Contrat,"Contrat adhesion lou papagai.pdf",C:\Users\julien\OneDrive\Bureau\geminicli\création de CSV\1- Adhésion Hébergeurs\2023 - 39 - 82 - Lou Papagai - HL OK - HH OK - WEB ok - CP\Contrat adhesion lou papagai.pdf
Contrat,"contrat la ville en rose.pdf",C:\Users\julien\OneDrive\Bureau\geminicli\création de CSV\1- Adhésion Hébergeurs\2023 - 42 - 82 - NO GO - La ville en rose - HL OK - HH OK - WEB - CP\contrat la ville en rose.pdf
Contrat,"contrat l'alcove du 510.pdf",C:\Users\julien\OneDrive\Bureau\geminicli\création de CSV\1- Adhésion Hébergeurs\2023 - 43 - 82 - NO GO L'alcove du 510 - HL - WEB - CF\contrat l'alcove du 510.pdf
Contrat,"contrat un air de famille.pdf",C:\Users\julien\OneDrive\Bureau\geminicli\création de CSV\1- Adhésion Hébergeurs\2023 - 44 - 82 - NO GO - Un air de famille - HL OK - HH OK - WEB - CP\contrat un air de famille.pdf
Contrat,"contrat le flacon de la verrouille.pdf",C:\Users\julien\OneDrive\Bureau\geminicli\création de CSV\1- Adhésion Hébergeurs\2023 - 46 - 82 - NO GO - Le Flacon de la verrouille - HL OK - HH OK - WEB - CF\contrat le flacon de la verrouille.pdf
Contrat,"CONTRAT CHATEAU TERRIDE.pdf",C:\Users\julien\OneDrive\Bureau\geminicli\création de CSV\1- Adhésion Hébergeurs\2023 - 48 - 81 - La Maison de Romain - HL OK - HH OK - WEB OK - CF\CONTRAT CHATEAU TERRIDE.pdf
Contrat,"contrat les coulisses du chateau.pdf",C:\Users\julien\OneDrive\Bureau\geminicli\création de CSV\1- Adhésion Hébergeurs\2023 - 50 - 82 - Les coulisses du chateau - HL OK - HH OK - WEB OK - CS\contrat les coulisses du chateau.pdf
Adhesion,"Bulletin d'adhésion.pdf",C:\Users\julien\OneDrive\Bureau\geminicli\création de CSV\1- Adhésion Hébergeurs\2023 - 51 - 65 - Kasalilou - HL OK - HH OK - WEB OK - CS\Bulletin d'adhésion.pdf
Contrat,"contrat chateau de la baronnie.pdf",C:\Users\julien\OneDrive\Bureau\geminicli\création de CSV\1- Adhésion Hébergeurs\2023 - 49 - 82 - Château de la Baronnie - HL - HH OK - WEB OK - CS\contrat chateau de la baronnie.pdf
Adhesion,"230916 Bulletins - L'igloo Appartement.pdf",C:\Users\julien\OneDrive\Bureau\geminicli\création de CSV\1- Adhésion Hébergeurs\2023 - 52 - 65 - L'igloo - HL OK - HH OK - WEB OK - CS\230916 Bulletins - L'igloo Appartement.pdf
Adhesion,"Bulletin d'adhésion signé.pdf",C:\Users\julien\OneDrive\Bureau\geminicli\création de CSV\1- Adhésion Hébergeurs\2023 - 52 - 65 - L'igloo - HL OK - HH OK - WEB OK - CS\Bulletin d'adhésion signé.pdf
Contrat,"20231023 Arbiview Happy House Contrat.pdf",C:\Users\julien\OneDrive\Bureau\geminicli\création de CSV\1- Adhésion Hébergeurs\2023 - 53 - 65 - Arbiview - HL OK - 1 HH - WEB OK - CS\20231023 Arbiview Happy House Contrat.pdf
Adhesion,"231109 L'accroche coeur - Bulletins - Chambres d_hôtes, Hotels.pdf",C:\Users\julien\OneDrive\Bureau\geminicli\création de CSV\1- Adhésion Hébergeurs\2023 - 54 - 35 - L'accroche coeur - HL - HH OK - WEB OK - C\231109 L'accroche coeur - Bulletins - Chambres d_hôtes, Hotels.pdf
Contrat,"contrat arche de moissac.pdf",C:\Users\julien\OneDrive\Bureau\geminicli\création de CSV\1- Adhésion Hébergeurs\2023 - 56 - 82 - NO GO L'arche de moissac - HL - HH OK - WEB OK - CS\contrat arche de moissac.pdf
Adhesion,"230916 Bulletins - Maison Seignou.pdf",C:\Users\julien\OneDrive\Bureau\geminicli\création de CSV\1- Adhésion Hébergeurs\2023 - 57 - 65 - La maison Seignou - HL OK - HH OK - RESA OK - WEB OK -\230916 Bulletins - Maison Seignou.pdf
Adhesion,"230916 Bulletins - Chalet Seignou.pdf",C:\Users\julien\OneDrive\Bureau\geminicli\création de CSV\1- Adhésion Hébergeurs\2023 - 58 - 65 - Chalet Seignou - HL OK - HH OK - RESA OK - WEB OK  - C\230916 Bulletins - Chalet Seignou.pdf
Adhesion,"HAPPY HOUSE 2024 Bulletin d'adhésion.pdf",C:\Users\julien\OneDrive\Bureau\geminicli\création de CSV\1- Adhésion Hébergeurs\2023 - 61 - 82 - The Happy Hamlet - HL OK - HH OK - WEB OK -\HAPPY HOUSE 2024 Bulletin d'adhésion.pdf
Adhesion,"adhésion 2.pdf",C:\Users\julien\OneDrive\Bureau\geminicli\création de CSV\1- Adhésion Hébergeurs\2023 - 62 - 82 - NO GO La colline de Boutiès - HL - HH OK - WEB\adhésion 2.pdf
Adhesion,"adhésion 1.pdf",C:\Users\julien\OneDrive\Bureau\geminicli\création de CSV\1- Adhésion Hébergeurs\2023 - 62 - 82 - NO GO La colline de Boutiès - HL - HH OK - WEB\adhésion 1.pdf
Adhesion,"240101 Adhésion - La colonelle.pdf",C:\Users\julien\OneDrive\Bureau\geminicli\création de CSV\1- Adhésion Hébergeurs\2024 - 63 - 65 - NO GO - La colonelle - HL - HH OK - WEB\240101 Adhésion - La colonelle.pdf
Adhesion,"240124 Bulletin - L'Ecrit Vin.pdf",C:\Users\julien\OneDrive\Bureau\geminicli\création de CSV\1- Adhésion Hébergeurs\2024 - 65 - 11 - L'ecritvin - HL - HH OK - WEB OK - CS\240124 Bulletin - L'Ecrit Vin.pdf
Contrat,"contrat.pdf",C:\Users\julien\OneDrive\Bureau\geminicli\création de CSV\1- Adhésion Hébergeurs\2024 - 67 - 31 - La Bastide Rouge - HL - 1 HH OK - WEB OK - CS\contrat.pdf
Adhesion,"231208 Bulletins - Gîtes Le triangle d'or.pdf",C:\Users\julien\OneDrive\Bureau\geminicli\création de CSV\1- Adhésion Hébergeurs\2024 - 68 - 81 - Les hauts de Jeanvert - HL OK - HH OK - WEB  OK- CS\231208 Bulletins - Gîtes Le triangle d'or.pdf
Adhesion,"Bulletin signé - Image19-02-2024-114239.pdf",C:\Users\julien\OneDrive\Bureau\geminicli\création de CSV\1- Adhésion Hébergeurs\2024 - 68 - 81 - Les hauts de Jeanvert - HL OK - HH OK - WEB  OK- CS\Bulletin signé - Image19-02-2024-114239.pdf
Adhesion,"adhésion olympe.pdf",C:\Users\julien\OneDrive\Bureau\geminicli\création de CSV\1- Adhésion Hébergeurs\2024 - 69 - 82 - NO GO - Le boudoir d'Olympe - HL - HH OK - WEB OK - CS\adhésion olympe.pdf
Contrat,"contrat.pdf",C:\Users\julien\OneDrive\Bureau\geminicli\création de CSV\1- Adhésion Hébergeurs\2024 - 70 - 31 - Le chateau d'Aigrefeuille - HL OK - HH OK - WEB OK -\contrat.pdf
Contrat,"contrat.pdf",C:\Users\julien\OneDrive\Bureau\geminicli\création de CSV\1- Adhésion Hébergeurs\2024 - 71 - 82 - Les gîtes du Daudou - HL - HH OK - WEB OK - CS\contrat.pdf
Adhesion,"240226 Bulletins - domaine de joucla.pdf",C:\Users\julien\OneDrive\Bureau\geminicli\création de CSV\1- Adhésion Hébergeurs\2024 - 72 - 11 - Domaine de Joucla - HL - HH OK - WEB OK - CS\240226 Bulletins - domaine de joucla.pdf
Adhesion,"Happy Housse 2 adhésion.pdf",C:\Users\julien\OneDrive\Bureau\geminicli\création de CSV\1- Adhésion Hébergeurs\2024 - 72 - 11 - Domaine de Joucla - HL - HH OK - WEB OK - CS\Happy Housse 2 adhésion.pdf
Adhesion,"Happy Housse adhésion.pdf",C:\Users\julien\OneDrive\Bureau\geminicli\création de CSV\1- Adhésion Hébergeurs\2024 - 72 - 11 - Domaine de Joucla - HL - HH OK - WEB OK - CS\Happy Housse adhésion.pdf
Contrat,"Contrat adhésion.pdf",C:\Users\julien\OneDrive\Bureau\geminicli\création de CSV\1- Adhésion Hébergeurs\2024 - 76 - 11 - L'atelier - HL OK  - HH OK - WEB OK - CS\Contrat adhésion.pdf
Adhesion,"Bulletin d'adhésion Happy House.pdf",C:\Users\julien\OneDrive\Bureau\geminicli\création de CSV\1- Adhésion Hébergeurs\2024 - 77 - 46 - Château les Estournels - HL - HH OK - WEB - CS\Bulletin d'adhésion Happy House.pdf
Contrat,"contrat happy house L'écrin de la Cité.pdf",C:\Users\julien\OneDrive\Bureau\geminicli\création de CSV\1- Adhésion Hébergeurs\2024 - 78 - 11 - Coeur de vigne - L'Écrin de la cité - HL OK - HH OK - WEB OK - CS\contrat happy house L'écrin de la Cité.pdf
Contrat,"contrat happy house L'écrin de la Cité.pdf",C:\Users\julien\OneDrive\Bureau\geminicli\création de CSV\1- Adhésion Hébergeurs\2024 - 79 - 11 - Grand panorama - L'Écrin de la cité - HL OK - HH OK - WEB OK - CS\contrat happy house L'écrin de la Cité.pdf
Adhesion,"ADHESION DOMAINE CHATEAU MARQUEFAVE.PDF",C:\Users\julien\OneDrive\Bureau\geminicli\création de CSV\1- Adhésion Hébergeurs\2024 - 84 - 31 - Le domaine du chateau Marquefave - HL - HH OK - WEB\ADHESION DOMAINE CHATEAU MARQUEFAVE.PDF
Contrat,"pour Happy House contrat-2.pdf",C:\Users\julien\OneDrive\Bureau\geminicli\création de CSV\1- Adhésion Hébergeurs\2024 - 85 - 46 - L'ostalada 46 - HL OK  - HH OK - WEB OK - CS\pour Happy House contrat-2.pdf
Contrat,"pour Happy House contrat.pdf",C:\Users\julien\OneDrive\Bureau\geminicli\création de CSV\1- Adhésion Hébergeurs\2024 - 85 - 46 - L'ostalada 46 - HL OK  - HH OK - WEB OK - CS\pour Happy House contrat.pdf
Contrat,"contrat.pdf",C:\Users\julien\OneDrive\Bureau\geminicli\création de CSV\1- Adhésion Hébergeurs\2024 - 89 - 88 - La maison des douceurs - HL -  HH OK - WEB OK\contrat.pdf
Adhesion,"Adhesion L'annicha 2.pdf",C:\Users\julien\OneDrive\Bureau\geminicli\création de CSV\1- Adhésion Hébergeurs\2024 - 90 - 82 - L'annicha - HL OK  - HH OK - WEB OK -\Adhesion L'annicha 2.pdf
Adhesion,"adhesion l'ANNICHA 1.pdf",C:\Users\julien\OneDrive\Bureau\geminicli\création de CSV\1- Adhésion Hébergeurs\2024 - 90 - 82 - L'annicha - HL OK  - HH OK - WEB OK -\adhesion l'ANNICHA 1.pdf
Adhesion,"ADHESION O TROIS PUITS GITES.pdf",C:\Users\julien\OneDrive\Bureau\geminicli\création de CSV\1- Adhésion Hébergeurs\2024 - 91 - 46 - Ô trois puits - HL - HH OK - WEB OK -\ADHESION O TROIS PUITS GITES.pdf
Contrat,"contract happy house martin.pdf",C:\Users\julien\OneDrive\Bureau\geminicli\création de CSV\1- Adhésion Hébergeurs\2024 - 95 - 11 - Villa Leva - HL - HH - WEB OK -\contract happy house martin.pdf
Adhesion,"240710 Bulletin Adhésion.pdf",C:\Users\julien\OneDrive\Bureau\geminicli\création de CSV\1- Adhésion Hébergeurs\2024 - 96 - 33 - L'écrin sous les chênes - HL OK - HH OK - RESA OK - WEB OK -\240710 Bulletin Adhésion.pdf
Adhesion,"Bulletin adhésion Happy House.pdf",C:\Users\julien\OneDrive\Bureau\geminicli\création de CSV\1- Adhésion Hébergeurs\2024 - 99 - 11 - le grand bassin - HL - HH OK - WEB OK -\Bulletin adhésion Happy House.pdf
Adhesion,"Adhésion Happy House.pdf",C:\Users\julien\OneDrive\Bureau\geminicli\création de CSV\1- Adhésion Hébergeurs\2024 - 102 - 41 - Maison 56 - HL OK - HH OK - WEB OK -\Adhésion Happy House.pdf
Adhesion,"240726 Bulletins - Gîtes, Villas, Chalets, Appartements (1).pdf",C:\Users\julien\OneDrive\Bureau\geminicli\création de CSV\1- Adhésion Hébergeurs\2024 - 103 - 31 - Les Hauts de Rebelliou - HL - HH - WEB OK -\240726 Bulletins - Gîtes, Villas, Chalets, Appartements (1).pdf
Adhesion,"BULLETIN - GÎTES, VILLAS, CHALETS_signed.pdf",C:\Users\julien\OneDrive\Bureau\geminicli\création de CSV\1- Adhésion Hébergeurs\2025 - 108 - 24 - Bonfarto Locations - HL - HH -\BULLETIN - GÎTES, VILLAS, CHALETS_signed.pdf
Contrat,"HH_Contrat_LBDR MAUREL.pdf",C:\Users\julien\OneDrive\Bureau\geminicli\création de CSV\1- Adhésion Hébergeurs\2024 - 105 - 81 - LBDR - HL - 1 HH OK - WEB OK -\HH_Contrat_LBDR MAUREL.pdf
Adhesion,"BULLETIN CHEZ PEPE MERLE.pdf",C:\Users\julien\OneDrive\Bureau\geminicli\création de CSV\1- Adhésion Hébergeurs\2024 - 104 - 75 - Chez Pepe Merle - HL OK - HH OK - WEB OK -\BULLETIN CHEZ PEPE MERLE.pdf
Adhesion,"Adhesion HappHouse x HameauduPerrat.pdf",C:\Users\julien\OneDrive\Bureau\geminicli\création de CSV\1- Adhésion Hébergeurs\2025 - 110 - 45 - Le Hameau du Perrat - HL - HH - WEB OK\Adhesion HappHouse x HameauduPerrat.pdf
Adhesion,"bulletin adhesion TerraRosa.pdf",C:\Users\julien\OneDrive\Bureau\geminicli\création de CSV\1- Adhésion Hébergeurs\2025 - 111 - 31 - Terra Rosa - HH - WEB OK\bulletin adhesion TerraRosa.pdf
Adhesion,"bulletin adhesion Demeure d'Arcane.pdf",C:\Users\julien\OneDrive\Bureau\geminicli\création de CSV\1- Adhésion Hébergeurs\2025 - 112 - 31 - Demeure Arcane - HH - WEB OK\bulletin adhesion Demeure d'Arcane.pdf
Contrat,"Contrat happy house feuille 4.pdf",C:\Users\julien\OneDrive\Bureau\geminicli\création de CSV\1- Adhésion Hébergeurs\2025 - 114 - 41 - La Charmeraie - HH - WEB OK\Re_ HAPPY HOUSE - La Charmeraie\Contrat happy house feuille 4.pdf
Contrat,"Contrat happy house feuille 2.pdf",C:\Users\julien\OneDrive\Bureau\geminicli\création de CSV\1- Adhésion Hébergeurs\2025 - 114 - 41 - La Charmeraie - HH - WEB OK\Re_ HAPPY HOUSE - La Charmeraie\Contrat happy house feuille 2.pdf
Contrat,"Contrat happy house feuille 1.pdf",C:\Users\julien\OneDrive\Bureau\geminicli\création de CSV\1- Adhésion Hébergeurs\2025 - 114 - 41 - La Charmeraie - HH - WEB OK\Re_ HAPPY HOUSE - La Charmeraie\Contrat happy house feuille 1.pdf
Contrat,"Contrat happy house feuille 3.pdf",C:\Users\julien\OneDrive\Bureau\geminicli\création de CSV\1- Adhésion Hébergeurs\2025 - 114 - 41 - La Charmeraie - HH - WEB OK\Re_ HAPPY HOUSE - La Charmeraie\Contrat happy house feuille 3.pdf
Contrat,"Contrat Happy House signé le 19-03-2025.pdf",C:\Users\julien\OneDrive\Bureau\geminicli\création de CSV\1- Adhésion Hébergeurs\2025 - 117 - 01 - Le moulin de la Brevette - HH - WEB OK\Contrat Happy House signé le 19-03-2025.pdf
Contrat,"Contrat chalets-du-bonheur.pdf",C:\Users\julien\OneDrive\Bureau\geminicli\création de CSV\1- Adhésion Hébergeurs\2025 - 144 - 74 - YK - Les Chalets du Bonheur - WEB OK\Contrat chalets-du-bonheur.pdf
Contrat,"Contrat d'adhésion - lesvillasduvendoule.pdf",C:\Users\julien\OneDrive\Bureau\geminicli\création de CSV\1- Adhésion Hébergeurs\2025 - 143 - 07 - YK - Les Villas du Vendoule - P - WEB OK\Contrat d'adhésion - lesvillasduvendoule.pdf
Adhesion,"Entrega Bulletin adhésion.pdf",C:\Users\julien\OneDrive\Bureau\geminicli\création de CSV\1- Adhésion Hébergeurs\2025 - 143 - 07 - YK - Les Villas du Vendoule - P - WEB OK\Entrega Bulletin adhésion.pdf
Contrat,"Contrat d'adhésion - regisland.pdf",C:\Users\julien\OneDrive\Bureau\geminicli\création de CSV\1- Adhésion Hébergeurs\2025 - 141 - 68 - YK - Regisland - FP - WEB OK\Contrat d'adhésion - regisland.pdf
Adhesion,"Bulletin-chateau clement termes.pdf",C:\Users\julien\OneDrive\Bureau\geminicli\création de CSV\1- Adhésion Hébergeurs\2025 - 140 - 81 - JF - Chateau clement - F - WEB OK\Bulletin-chateau clement termes.pdf
Contrat,"Contrat d'adhésion - Le Vieux Pressoir.pdf",C:\Users\julien\OneDrive\Bureau\geminicli\création de CSV\1- Adhésion Hébergeurs\2025 - 139 - 67 - YK - Le vieux Pressoir - FP - WEB OK\Contrat d'adhésion - Le Vieux Pressoir.pdf
Adhesion,"BULLETIN - chateau de Bagen.pdf",C:\Users\julien\OneDrive\Bureau\geminicli\création de CSV\1- Adhésion Hébergeurs\2025 - 137 - 31 - JF - Château Bagen - FP - WEB OK\BULLETIN - chateau de Bagen.pdf
Contrat,"contrat 4 impasse des crêtes.pdf",C:\Users\julien\OneDrive\Bureau\geminicli\création de CSV\1- Adhésion Hébergeurs\2025 - 134 - 64 - YK - Les gîtes de Melody St Pierre - FP - WEB OK\contrat 4 impasse des crêtes.pdf
Contrat,"Contrat 31 place st pierre.pdf",C:\Users\julien\OneDrive\Bureau\geminicli\création de CSV\1- Adhésion Hébergeurs\2025 - 134 - 64 - YK - Les gîtes de Melody St Pierre - FP - WEB OK\Contrat 31 place st pierre.pdf
Adhesion,"BULLETIN - hôtel SG.pdf.pdf",C:\Users\julien\OneDrive\Bureau\geminicli\création de CSV\1- Adhésion Hébergeurs\2025 - 131 - 82 - Parc Waetcher - FP - WEB OK - HH\BULLETIN - hôtel SG.pdf.pdf
Adhesion,"BULLETIN - hôtel SG.pdf",C:\Users\julien\OneDrive\Bureau\geminicli\création de CSV\1- Adhésion Hébergeurs\2025 - 131 - 82 - Parc Waetcher - FP - WEB OK - HH\BULLETIN - hôtel SG.pdf
Adhesion,"adhesion durantie.pdf",C:\Users\julien\OneDrive\Bureau\geminicli\création de CSV\1- Adhésion Hébergeurs\2025 - 130 - 81 - JF- Durantie - FP - WEB OK - HH\adhesion durantie.pdf
Contrat,"Contrat d'adhésion - Le Domaine Les Fargues.pdf.pdf",C:\Users\julien\OneDrive\Bureau\geminicli\création de CSV\1- Adhésion Hébergeurs\2025 - 129 - 24 - YK - Domaine des Fargues - FP - WEB OK\Contrat d'adhésion - Le Domaine Les Fargues.pdf.pdf
Contrat,"Contrat d'adhésion - Les congeres.pdf",C:\Users\julien\OneDrive\Bureau\geminicli\création de CSV\1- Adhésion Hébergeurs\2025 - 128 - 74 - Les congeres - FP - HH - WEB OK\Contrat d'adhésion - Les congeres.pdf
Contrat,"Contrat Entegra- Les congeres.pdf",C:\Users\julien\OneDrive\Bureau\geminicli\création de CSV\1- Adhésion Hébergeurs\2025 - 128 - 74 - Les congeres - FP - HH - WEB OK\Contrat Entegra- Les congeres.pdf
Contrat,"contrat d'adhésion-combettes.pdf",C:\Users\julien\OneDrive\Bureau\geminicli\création de CSV\1- Adhésion Hébergeurs\2025 - 127 - 81 - Combettes - FP - WEB OK\contrat d'adhésion-combettes.pdf
Contrat,"Contrat d'adhésion - Dans ma bulle.pdf",C:\Users\julien\OneDrive\Bureau\geminicli\création de CSV\1- Adhésion Hébergeurs\2025 - 125 - 32 - YK - Le jardin secret & Au Temps Suspendu - FP - WEB OK\Contrat d'adhésion - Dans ma bulle.pdf
Contrat,"Contrat d'adhésion - Dans ma bulle.pdf",C:\Users\julien\OneDrive\Bureau\geminicli\création de CSV\1- Adhésion Hébergeurs\2025 - 124 - 32 - YK - Dans ma bulle - FP - WEB OK\Contrat d'adhésion - Dans ma bulle.pdf
Adhesion,"HAPPY HOUSE_BULLETIN - GITES, VILLAS,  CHALETS, APPARTEMENTS SG.pdf",C:\Users\julien\OneDrive\Bureau\geminicli\création de CSV\1- Adhésion Hébergeurs\2025 - 122 - 26 - La maison grignan - HH - WEB OK\HAPPY HOUSE_BULLETIN - GITES, VILLAS,  CHALETS, APPARTEMENTS SG.pdf
